City,Confidence,Match_Basis,DisNo.,Disaster Subtype,Location,Start Year,Start Month,Start Day,End Year,End Month,End Day,Total Deaths,Total Affected,Total Damage ('000 US$),Admin Units,Financial_Year_Start,Financial_Year_End,Spans_FY_Boundary
Johannesburg,"Proxy - province-level only, city not confirmed hit",Gauteng province-tagged (proxy: applied for consistency with KZN rule),2016-0478-ZAF,Flash flood,"Gauteng, KwaZulu Natal provinces",2016,11,9,2016,11,9,6,600,100000,"[{""adm1_code"":2708,""adm1_name"":""Gauteng""},{""adm1_code"":77311,""adm1_name"":""KwaZulu-Natal""}]",2016/17,2016/17,No
Johannesburg,"Proxy - province-level only, city not confirmed hit",Gauteng province-tagged (proxy: applied for consistency with KZN rule),2019-0607-ZAF,Flood (General),Pretoria and Gauteng Province,2019,12,2,2019,12,11,2,3500,,"[{""adm1_code"":2708,""adm1_name"":""Gauteng""}]",2019/20,2019/20,No
Johannesburg,High - explicit city/metro reference,Johannesburg (location text),2020-0050-ZAF,Flash flood,Johannesburg and Gauteng Province,2020,2,7,2020,2,10,3,200,,"[{""adm1_code"":2708,""adm1_name"":""Gauteng""}]",2019/20,2019/20,No
Johannesburg,High - explicit city/metro reference,Johannesburg (admin2 code + location text),2021-0075-ZAF,Flood (General),"Mpumalanga Province, Free State Province and the area of Johannesburg and Pretoria, Limpopo, Mpumalanga, KwaZulu-Natal and Northern Cape Provinces",2021,2,1,2021,2,15,31,400,75000,"[{""adm1_code"":2707,""adm1_name"":""Free State""},{""adm1_code"":77311,""adm1_name"":""KwaZulu-Natal""},{""adm1_code"":77312,""adm1_name"":""Limpopo""},{""adm1_code"":77313,""adm1_name"":""Mpumalanga""},{""adm1_code"":77315,""adm1_name"":""Northern Cape""},{""adm2_code"":77364,""adm2_name"":""City of Johannesburg Metropolitan Municipality""},{""adm2_code"":77367,""adm2_name"":""City of Tshwane Metropolitan Municipality""}]",2020/21,2020/21,No
Johannesburg,"Proxy - province-level only, city not confirmed hit",Gauteng province-tagged (proxy: applied for consistency with KZN rule),2022-0108-ZAF,Flood (General),Gauteng Province,2022,2,21,2022,2,22,4,187,,"[{""adm1_code"":2708,""adm1_name"":""Gauteng""}]",2021/22,2021/22,No
Johannesburg,"Proxy - province-level only, city not confirmed hit",Gauteng province-tagged (proxy: applied for consistency with KZN rule),2022-0077-ZAF,Flood (General),Gauteng Province; KwaZulu-Natal,2022,2,4,2022,2,5,3,138,,"[{""adm1_code"":2708,""adm1_name"":""Gauteng""},{""adm1_code"":77311,""adm1_name"":""KwaZulu-Natal""}]",2021/22,2021/22,No
Johannesburg,High - explicit city/metro reference,Johannesburg (location text),2022-0788-ZAF,Flash flood,"Soweto, Erkhuleni, Johannesburg, Vereeniging, Brakpan (Gauteng Province); Rustenburg, Bojanala (North West Province); Eastern Cape, Free State, Limpopo, Mpumalanga provinces",2022,12,10,2022,12,12,17,56177,,,2022/23,2022/23,No
Johannesburg,"Proxy - province-level only, city not confirmed hit",Gauteng province-tagged (proxy: applied for consistency with KZN rule),2023-0080-ZAF,Flood (General),"Mpumalanga, the Eastern Cape, Gauteng, KwaZulu-Natal, Limpopo, the Northern Cape, and North West",2023,2,8,2023,2,21,17,1000,,"[{""adm1_code"":2708,""adm1_name"":""Gauteng""},{""adm1_code"":77310,""adm1_name"":""Eastern Cape""},{""adm1_code"":77311,""adm1_name"":""KwaZulu-Natal""},{""adm1_code"":77312,""adm1_name"":""Limpopo""},{""adm1_code"":77313,""adm1_name"":""Mpumalanga""},{""adm1_code"":77314,""adm1_name"":""North West""},{""adm1_code"":77315,""adm1_name"":""Northern Cape""}]",2022/23,2022/23,No
eThekwini,High - explicit city/metro reference,eThekwini (admin2 code),2016-0305-ZAF,Flood (General),"Western Cape (Cape Town, Phillipi, Khayelitsha), Kwazulu Natal (Durban, Cato Manor, Amanzimtoti, Inanda, Ntuzuma, KwaMashu, uMlazi, Yellow Wood Park, Chatsworth -eThekwini Metropolitan Municipality, Ugu district)",2016,7,25,2016,8,3,7,6900,180000,"[{""adm2_code"":77317,""adm2_name"":""City of Cape Town Metropolitan Municipality""},{""adm2_code"":77329,""adm2_name"":""Ugu District Municipality""},{""adm2_code"":77363,""adm2_name"":""eThekwini Metropolitan Municipality""}]",2016/17,2016/17,No
eThekwini,"Proxy - province-level only, city not confirmed hit",KZN province-tagged (proxy: eThekwini dominates KZN),2016-0478-ZAF,Flash flood,"Gauteng, KwaZulu Natal provinces",2016,11,9,2016,11,9,6,600,100000,"[{""adm1_code"":2708,""adm1_name"":""Gauteng""},{""adm1_code"":77311,""adm1_name"":""KwaZulu-Natal""}]",2016/17,2016/17,No
eThekwini,"Proxy - province-level only, city not confirmed hit",KZN province-tagged (proxy: eThekwini dominates KZN),2017-0217-ZAF,Flood (General),"KwaZulu-Natal, Nquthu (Umzinyathi District), Zinkwazi (Ilembe District), Mzingwenya (Uthungulu District), uMzumbe municipality, uMdoni, uMuziwabantu (Ugu)",2017,5,14,2017,5,19,3,200,,"[{""adm2_code"":77329,""adm2_name"":""Ugu District Municipality""},{""adm2_code"":77332,""adm2_name"":""Umzinyathi District Municipality""},{""adm2_code"":77336,""adm2_name"":""Uthungulu District Municipality""},{""adm2_code"":77337,""adm2_name"":""iLembe District Municipality""}]",2017/18,2017/18,No
eThekwini,High - explicit city/metro reference,eThekwini (admin2 code),2019-0106-ZAF,Flood (General),"Ntuzuma,Verusalam, Inanda and KwaMashu towns (north of Durban city, KwaZulu-Natal Province)",2019,3,8,2019,3,12,10,,,"[{""adm2_code"":77363,""adm2_name"":""eThekwini Metropolitan Municipality""}]",2018/19,2018/19,No
eThekwini,"Proxy - province-level only, city not confirmed hit",KZN province-tagged (proxy: eThekwini dominates KZN),2019-0176-ZAF,Flood (General),"KwaZulu-Natal, Eastern Cape, Free state provinces",2019,4,21,2019,4,25,73,1000,50000,"[{""adm1_code"":2707,""adm1_name"":""Free State""},{""adm1_code"":77310,""adm1_name"":""Eastern Cape""},{""adm1_code"":77311,""adm1_name"":""KwaZulu-Natal""}]",2019/20,2019/20,No
eThekwini,"Proxy - province-level only, city not confirmed hit",KZN province-tagged (proxy: eThekwini dominates KZN),2022-0035-ZAF,Flood (General),Ladysmith and Msinga (KwaZulu-Natal Province),2022,1,15,2022,1,16,1,100,105000,"[{""adm1_code"":77311,""adm1_name"":""KwaZulu-Natal""}]",2021/22,2021/22,No
eThekwini,"Proxy - province-level only, city not confirmed hit",KZN province-tagged (proxy: eThekwini dominates KZN),2022-0077-ZAF,Flood (General),Gauteng Province; KwaZulu-Natal,2022,2,4,2022,2,5,3,138,,"[{""adm1_code"":2708,""adm1_name"":""Gauteng""},{""adm1_code"":77311,""adm1_name"":""KwaZulu-Natal""}]",2021/22,2021/22,No
eThekwini,High - explicit city/metro reference,eThekwini (location text: EThekwini/Umlazi),2022-0205-ZAF,Flood (General),"uMkhanyakude, uThukela, uMzinyathi, UMgungundlovu, Zululand, EThekwini, Ilembe, Harry Gwala, King Cetshwayo, UGu,Amajuba municipalities Umlazi Town (Durban, KwaZulu-Natal Province)",2022,4,8,2022,4,18,544,142290,3500000,"[{""adm1_code"":77311,""adm1_name"":""KwaZulu-Natal""}]",2022/23,2022/23,No
eThekwini,High - explicit city/metro reference,eThekwini (location text: Durban),2022-0313-ZAF,Flood (General),Durban (KwaZulu-Natal province),2022,5,22,2022,5,22,,200,,"[{""adm1_code"":77311,""adm1_name"":""KwaZulu-Natal""}]",2022/23,2022/23,No
eThekwini,"Proxy - province-level only, city not confirmed hit",KZN province-tagged (proxy: eThekwini dominates KZN),2023-0080-ZAF,Flood (General),"Mpumalanga, the Eastern Cape, Gauteng, KwaZulu-Natal, Limpopo, the Northern Cape, and North West",2023,2,8,2023,2,21,17,1000,,"[{""adm1_code"":2708,""adm1_name"":""Gauteng""},{""adm1_code"":77310,""adm1_name"":""Eastern Cape""},{""adm1_code"":77311,""adm1_name"":""KwaZulu-Natal""},{""adm1_code"":77312,""adm1_name"":""Limpopo""},{""adm1_code"":77313,""adm1_name"":""Mpumalanga""},{""adm1_code"":77314,""adm1_name"":""North West""},{""adm1_code"":77315,""adm1_name"":""Northern Cape""}]",2022/23,2022/23,No
eThekwini,"Proxy - province-level only, city not confirmed hit",KZN province-tagged (proxy: eThekwini dominates KZN),2023-0855-ZAF,Flood (General),"Ladysmith, Mandeni (KwaZulu-Natal province)",2023,12,24,2023,12,26,34,1800,,,2023/24,2023/24,No
eThekwini,High - explicit city/metro reference,eThekwini (location text: eThekwini Metro/Durban),2024-0015-ZAF,Flash flood,"eThekwini Metro, KwaDukuza, and Ndwedwe Local Municipality (KwaZulu-Natal); Durban",2024,1,12,2024,1,19,13,756,10000,"[{""adm1_code"":77311,""adm1_name"":""KwaZulu-Natal""}]",2023/24,2023/24,No
eThekwini,"Proxy - province-level only, city not confirmed hit",KZN province-tagged (proxy: eThekwini dominates KZN),2024-0302-ZAF,Flood (General),"Eastern Cape, KwaZulu-Natal, and Western Cape provinces",2024,6,1,2024,6,3,21,46620,50000,,2024/25,2024/25,No
eThekwini,"Proxy - province-level only, city not confirmed hit",KZN province-tagged (proxy: eThekwini dominates KZN),2025-0443-ZAF,Flood (General),Eastern Cape and KwaZulu-Natal provinces,2025,6,9,2025,6,20,88,1000,,,2025/26,2025/26,No
