Municipality,Financial_Year,Infra_RM_NRW,Drop_Scores,Rainfall_Monthly,Flood_Events
eThekwini,2010/11,-,Y(assumed),-,-
eThekwini,2012/13,-,Y(assumed),-,-
eThekwini,2015/16,-,-,Y,-
eThekwini,2016/17,partial/N,-,Y,High+Proxy
eThekwini,2017/18,Y,-,Y,Proxy
eThekwini,2018/19,Y,-,Y,High
eThekwini,2019/20,Y,-,Y,Proxy
eThekwini,2020/21,Y,Y(assumed),Y,-
eThekwini,2021/22,Y,Y(assumed),Y,Proxy+Proxy
eThekwini,2022/23,Y,Y(assumed),Y,High+High+Proxy
eThekwini,2023/24,Y,Y(confirmed),Y,Proxy+High
eThekwini,2024/25,partial/N,-,Y,Proxy
eThekwini,2025/26,-,-,Y,Proxy
Johannesburg,2010/11,-,Y(assumed),-,-
Johannesburg,2012/13,-,Y(assumed),-,-
Johannesburg,2015/16,-,-,Y,-
Johannesburg,2016/17,Y,-,Y,Proxy
Johannesburg,2017/18,Y,-,Y,-
Johannesburg,2018/19,partial/N,-,Y,-
Johannesburg,2019/20,Y,-,Y,Proxy+High
Johannesburg,2020/21,Y,Y(assumed),Y,High
Johannesburg,2021/22,Y,Y(assumed),Y,Proxy+Proxy
Johannesburg,2022/23,Y,Y(assumed),Y,High+Proxy
Johannesburg,2023/24,Y,Y(confirmed),Y,-
Johannesburg,2024/25,Y,-,Y,-
Johannesburg,2025/26,-,-,Y,-
