Municipality,Financial_Year,RM_Water_Treasury_R000,RM_Stormwater_Treasury_R000,NRW_Percent,Water_Losses_Rmillion,Effluent_Compliance_Percent,Water_Quality_Percent,Notes
eThekwini,2016/17,NA,NA,37.0,716.5,NA,NA,"R&M now sourced from National Treasury mSCOA Section 71 data (standardized water/sanitation-specific, consistent scope across cities); legacy scraped R&M (mixed scope) dropped."
eThekwini,2017/18,NA,NA,32.7,714.0,NA,NA,"R&M now sourced from National Treasury mSCOA Section 71 data (standardized water/sanitation-specific, consistent scope across cities); legacy scraped R&M (mixed scope) dropped."
eThekwini,2018/19,NA,NA,36.85,968.1,NA,NA,"R&M now sourced from National Treasury mSCOA Section 71 data (standardized water/sanitation-specific, consistent scope across cities); legacy scraped R&M (mixed scope) dropped."
eThekwini,2019/20,696185.973,164749.306,51.0,NA,NA,NA,"R&M now sourced from National Treasury mSCOA Section 71 data (standardized water/sanitation-specific, consistent scope across cities); legacy scraped R&M (mixed scope) dropped."
eThekwini,2020/21,502402.163,161119.699,52.4,NA,NA,NA,"R&M now sourced from National Treasury mSCOA Section 71 data (standardized water/sanitation-specific, consistent scope across cities); legacy scraped R&M (mixed scope) dropped."
eThekwini,2021/22,641572.57,168568.659,56.2,1989.1,NA,NA,"R&M now sourced from National Treasury mSCOA Section 71 data (standardized water/sanitation-specific, consistent scope across cities); legacy scraped R&M (mixed scope) dropped."
eThekwini,2022/23,752682.731,189061.422,58.2,2030.5,71.7,NA,"R&M now sourced from National Treasury mSCOA Section 71 data (standardized water/sanitation-specific, consistent scope across cities); legacy scraped R&M (mixed scope) dropped."
eThekwini,2023/24,981442.611,187947.386,54.4,2000.0,74.7,98.6,"R&M now sourced from National Treasury mSCOA Section 71 data (standardized water/sanitation-specific, consistent scope across cities); legacy scraped R&M (mixed scope) dropped."
eThekwini,2024/25,1195452.336,230386.371,58.7,2910.0,77.1,98.7,"R&M now sourced from National Treasury mSCOA Section 71 data (standardized water/sanitation-specific, consistent scope across cities); legacy scraped R&M (mixed scope) dropped."
Johannesburg,2016/17,NA,NA,40.3,359.0,74.0,99.8,"R&M now sourced from National Treasury mSCOA Section 71 data (standardized water/sanitation-specific, consistent scope across cities); legacy scraped R&M (mixed scope) dropped."
Johannesburg,2017/18,NA,NA,38.4,NA,72.0,99.9,"R&M now sourced from National Treasury mSCOA Section 71 data (standardized water/sanitation-specific, consistent scope across cities); legacy scraped R&M (mixed scope) dropped."
Johannesburg,2018/19,NA,NA,NA,NA,NA,NA,"R&M now sourced from National Treasury mSCOA Section 71 data (standardized water/sanitation-specific, consistent scope across cities); legacy scraped R&M (mixed scope) dropped."
Johannesburg,2019/20,194888.356,NA,37.9,NA,NA,NA,"R&M now sourced from National Treasury mSCOA Section 71 data (standardized water/sanitation-specific, consistent scope across cities); legacy scraped R&M (mixed scope) dropped."
Johannesburg,2020/21,345372.147,NA,39.4,NA,NA,NA,"R&M now sourced from National Treasury mSCOA Section 71 data (standardized water/sanitation-specific, consistent scope across cities); legacy scraped R&M (mixed scope) dropped."
Johannesburg,2021/22,420366.306,NA,31.8,2089.4,NA,NA,"R&M now sourced from National Treasury mSCOA Section 71 data (standardized water/sanitation-specific, consistent scope across cities); legacy scraped R&M (mixed scope) dropped."
Johannesburg,2022/23,NA,NA,33.4,2394.3,NA,NA,"R&M now sourced from National Treasury mSCOA Section 71 data (standardized water/sanitation-specific, consistent scope across cities); legacy scraped R&M (mixed scope) dropped."
Johannesburg,2023/24,NA,NA,46.2,2900.1,NA,NA,"R&M now sourced from National Treasury mSCOA Section 71 data (standardized water/sanitation-specific, consistent scope across cities); legacy scraped R&M (mixed scope) dropped."
Johannesburg,2024/25,NA,NA,44.8,2821.1,NA,NA,"R&M now sourced from National Treasury mSCOA Section 71 data (standardized water/sanitation-specific, consistent scope across cities); legacy scraped R&M (mixed scope) dropped."
