Category,demarcation.label,financial_year_end.year,Repairs and maintenance,New,Renewal,Upgrading,Deprecation
Stormwater,City of Johannesburg,2020,0.0,19175107.0,72977380.0,0.0,0.0
Stormwater,City of Johannesburg,2021,0.0,1528108.0,68913661.0,6568000.0,0.0
Stormwater,City of Johannesburg,2022,0.0,0.0,160435376.0,13316899.0,0.0
Stormwater,City of Johannesburg,2023,0.0,0.0,160435376.0,13316899.0,0.0
Stormwater,eThekwini,2018,0.0,0.0,0.0,0.0,0.0
Stormwater,eThekwini,2019,16418.0,0.0,0.0,-141440.0,1057792.0
Stormwater,eThekwini,2020,164749306.0,32299350.0,1145831.0,92913424.0,73049285.0
Stormwater,eThekwini,2021,161119699.0,33100930.0,0.0,52348804.0,81892946.0
Stormwater,eThekwini,2022,168568659.0,59556949.0,-151688.0,10315569.0,85865053.0
Stormwater,eThekwini,2023,189061422.0,188102822.0,0.0,6609612.0,89110361.0
Stormwater,eThekwini,2024,187947386.0,691486677.0,0.0,10417155.0,97459693.0
Stormwater,eThekwini,2025,230386371.0,2492074761.0,1326217880.0,1558157024.0,117173838.0
Water_Sanitation,City of Johannesburg,2018,0.0,0.0,0.0,503187040.0,0.0
Water_Sanitation,City of Johannesburg,2020,194888356.0,631249980.0,24723709.0,0.0,0.0
Water_Sanitation,City of Johannesburg,2021,345372147.0,399116517.0,391748925.0,205651645.0,0.0
Water_Sanitation,City of Johannesburg,2022,420366306.0,303752127.0,322679513.0,496887998.0,0.0
Water_Sanitation,City of Johannesburg,2023,420366306.0,303752127.0,322679513.0,496887998.0,0.0
Water_Sanitation,eThekwini,2018,0.0,-14809602.0,0.0,0.0,0.0
Water_Sanitation,eThekwini,2019,0.0,589943.0,0.0,0.0,1152384.0
Water_Sanitation,eThekwini,2020,696185973.0,793642494.0,30471554.0,152399405.0,386599610.0
Water_Sanitation,eThekwini,2021,502402163.0,331443100.0,162294368.0,232397008.0,395522419.0
Water_Sanitation,eThekwini,2022,641572570.0,281231774.0,73008485.0,240111235.0,396339334.0
Water_Sanitation,eThekwini,2023,752682731.0,555433435.0,115642043.0,203434805.0,396697631.0
Water_Sanitation,eThekwini,2024,981442611.0,911403351.0,98265270.0,349258888.0,401754235.0
Water_Sanitation,eThekwini,2025,1195452336.0,17914099925.0,10583096911.0,7253719735.0,415959805.0
